FB1_2021.2.021;x
FB1_2021.2.022;
FB1_2021.2.034;
FB1_2021.2.046;
FB1_2021.2.058;
FB1_2021.2.059;
FB1_2021.2.060;
FB1_2021.2.061;
FB1_2021.2.062;
FB1_2021.2.063;
FB1_2021.2.064;
FB1_2021.2.065;
FB1_2021.2.066;
FB1_2021.2.067;
FB1_2021.2.068;
FB1_2021.2.069;
FB1_2021.2.070;
FB1_2021.2.071;
FB1_2021.2.072;
FB1_2021.2.073;
FB1_2021.2.074;
FB1_2021.2.075;
FB1_2021.2.098;
FB1_2021.2.100;
FB1_2021.2.101;
FB1_2021.2.102;
FB1_2021.2.103;
FB1_2021.2.105;
FB1_2021.2.106;
FB1_2021.2.109;
FB1_2021.2.110;
FB1_2021.2.111;
FB1_2021.2.114;
FB1_2021.2.115;
FB1_2021.2.116;
FB1_2021.2.120;
FB1_2021.2.121;
FB1_2021.2.122;
FB1_2021.2.133;
FB1_2021.2.137;
FB1_2021.2.138;
FB1_2021.2.146;
FB1_2021.2.147;
FB1_2021.2.148;
FB1_2021.2.149;
FB1_2021.2.167;
FB1_2021.2.168;
FB1_2021.2.172;
FB1_2021.2.173;
FB1_2021.2.174;
FB1_2021.2.175;
FB1_2021.2.176;
FB1_2021.2.200;
FB1_2021.2.207;
FB1_2021.2.210;
FB1_2021.2.238;
FB1_2021.2.241;
